type,start_idx,detection_s,pipeline_ms,total_s,fast_path_detection_s
spike,65,1.0,105.0,1.105,0.0
dropout,249,2.0,112.0,2.112,2.0
spike,398,1.0,173.0,1.173,0.0
spike,1517,1.0,32.0,1.032,0.0
dropout,2174,1.0,190.0,1.19,0.0
dropout,3439,2.0,0.0,2.0,2.0
dropout,3615,1.0,159.0,1.159,0.0
dropout,3873,2.0,168.0,2.168,2.0
spike,4072,1.0,129.0,1.129,0.0
spike,4283,1.0,190.0,1.19,0.0
spike,4998,1.0,99.0,1.099,0.0
spike,5686,1.0,157.0,1.157,0.0
spike,6938,1.0,65.0,1.065,0.0
dropout,7074,1.0,172.0,1.172,0.0
