anomaly_type,start_idx,length_s,start_time
spike,65,6,2026-10-06 09:01:05
dropout,249,23,2026-10-06 09:04:09
spike,398,10,2026-10-06 09:06:38
drift,551,300,2026-10-06 09:09:11
spike,1517,4,2026-10-06 09:25:17
drift,1650,300,2026-10-06 09:27:30
dropout,2174,26,2026-10-06 09:36:14
drift,2468,300,2026-10-06 09:41:08
drift,2968,300,2026-10-06 09:49:28
dropout,3439,29,2026-10-06 09:57:19
dropout,3615,18,2026-10-06 10:00:15
dropout,3873,29,2026-10-06 10:04:33
spike,4072,10,2026-10-06 10:07:52
spike,4283,5,2026-10-06 10:11:23
drift,4544,300,2026-10-06 10:15:44
spike,4998,10,2026-10-06 10:23:18
drift,5231,300,2026-10-06 10:27:11
spike,5686,9,2026-10-06 10:34:46
spike,6938,9,2026-10-06 10:55:38
dropout,7074,12,2026-10-06 10:57:54
